{
  "n_papers": 59,
  "n_skipped": 1,
  "mean_predicted_overall": 7.4576271186440675,
  "automated_reviewer": {
    "n": 59,
    "n_accept": 29,
    "n_reject": 30,
    "confusion": {
      "tp": 27,
      "fp": 30,
      "fn": 2,
      "tn": 0
    },
    "accuracy": 0.4576271186440678,
    "balanced_accuracy": 0.46551724137931033,
    "balanced_accuracy_95ci": [
      0.41304347826086957,
      0.5
    ],
    "f1": 0.627906976744186,
    "auc": 0.532183908045977,
    "fpr": 1.0,
    "fnr": 0.06896551724137931
  },
  "baseline_always_reject": {
    "n": 59,
    "n_accept": 29,
    "n_reject": 30,
    "confusion": {
      "tp": 0,
      "fp": 0,
      "fn": 29,
      "tn": 30
    },
    "accuracy": 0.5084745762711864,
    "balanced_accuracy": 0.5,
    "balanced_accuracy_95ci": [
      0.5,
      0.5
    ],
    "f1": 0.0,
    "auc": 0.532183908045977,
    "fpr": 0.0,
    "fnr": 1.0
  },
  "baseline_random": {
    "n": 59,
    "n_accept": 29,
    "n_reject": 30,
    "confusion": {
      "tp": 17,
      "fp": 16,
      "fn": 12,
      "tn": 14
    },
    "accuracy": 0.5254237288135594,
    "balanced_accuracy": 0.5264367816091954,
    "balanced_accuracy_95ci": [
      0.4003496503496503,
      0.658235294117647
    ],
    "f1": 0.5483870967741935,
    "auc": 0.5218390804597701,
    "fpr": 0.5333333333333333,
    "fnr": 0.41379310344827586
  }
}