{
  "n_papers": 60,
  "n_skipped": 0,
  "mean_predicted_overall": 6.966666666666667,
  "automated_reviewer": {
    "n": 60,
    "n_accept": 30,
    "n_reject": 30,
    "confusion": {
      "tp": 27,
      "fp": 22,
      "fn": 3,
      "tn": 8
    },
    "accuracy": 0.5833333333333334,
    "balanced_accuracy": 0.5833333333333334,
    "balanced_accuracy_95ci": [
      0.4872080088987764,
      0.6821266968325792
    ],
    "f1": 0.6835443037974683,
    "auc": 0.6694444444444444,
    "fpr": 0.7333333333333333,
    "fnr": 0.1
  },
  "baseline_always_reject": {
    "n": 60,
    "n_accept": 30,
    "n_reject": 30,
    "confusion": {
      "tp": 0,
      "fp": 0,
      "fn": 30,
      "tn": 30
    },
    "accuracy": 0.5,
    "balanced_accuracy": 0.5,
    "balanced_accuracy_95ci": [
      0.5,
      0.5
    ],
    "f1": 0.0,
    "auc": 0.6694444444444444,
    "fpr": 0.0,
    "fnr": 1.0
  },
  "baseline_random": {
    "n": 60,
    "n_accept": 30,
    "n_reject": 30,
    "confusion": {
      "tp": 18,
      "fp": 15,
      "fn": 12,
      "tn": 15
    },
    "accuracy": 0.55,
    "balanced_accuracy": 0.55,
    "balanced_accuracy_95ci": [
      0.42244418331374856,
      0.68
    ],
    "f1": 0.5714285714285713,
    "auc": 0.4066666666666667,
    "fpr": 0.5,
    "fnr": 0.4
  }
}