{
  "n_papers": 59,
  "n_skipped": 1,
  "mean_predicted_overall": 6.796610169491525,
  "automated_reviewer": {
    "n": 59,
    "n_accept": 30,
    "n_reject": 29,
    "confusion": {
      "tp": 30,
      "fp": 24,
      "fn": 0,
      "tn": 5
    },
    "accuracy": 0.5932203389830508,
    "balanced_accuracy": 0.5862068965517242,
    "balanced_accuracy_95ci": [
      0.5192307692307693,
      0.6607142857142857
    ],
    "f1": 0.7142857142857143,
    "auc": 0.767816091954023,
    "fpr": 0.8275862068965517,
    "fnr": 0.0
  },
  "baseline_always_reject": {
    "n": 59,
    "n_accept": 30,
    "n_reject": 29,
    "confusion": {
      "tp": 0,
      "fp": 0,
      "fn": 30,
      "tn": 29
    },
    "accuracy": 0.4915254237288136,
    "balanced_accuracy": 0.5,
    "balanced_accuracy_95ci": [
      0.5,
      0.5
    ],
    "f1": 0.0,
    "auc": 0.767816091954023,
    "fpr": 0.0,
    "fnr": 1.0
  },
  "baseline_random": {
    "n": 59,
    "n_accept": 30,
    "n_reject": 29,
    "confusion": {
      "tp": 17,
      "fp": 16,
      "fn": 13,
      "tn": 13
    },
    "accuracy": 0.5084745762711864,
    "balanced_accuracy": 0.5074712643678161,
    "balanced_accuracy_95ci": [
      0.37557603686635943,
      0.6359953703703703
    ],
    "f1": 0.5396825396825397,
    "auc": 0.5114942528735632,
    "fpr": 0.5517241379310345,
    "fnr": 0.43333333333333335
  }
}