{
  "n_papers": 60,
  "n_skipped": 0,
  "mean_predicted_overall": 6.5,
  "automated_reviewer": {
    "n": 60,
    "n_accept": 30,
    "n_reject": 30,
    "confusion": {
      "tp": 29,
      "fp": 25,
      "fn": 1,
      "tn": 5
    },
    "accuracy": 0.5666666666666667,
    "balanced_accuracy": 0.5666666666666667,
    "balanced_accuracy_95ci": [
      0.4932659932659933,
      0.6428571428571428
    ],
    "f1": 0.6904761904761905,
    "auc": 0.7211111111111111,
    "fpr": 0.8333333333333334,
    "fnr": 0.03333333333333333
  },
  "baseline_always_reject": {
    "n": 60,
    "n_accept": 30,
    "n_reject": 30,
    "confusion": {
      "tp": 0,
      "fp": 0,
      "fn": 30,
      "tn": 30
    },
    "accuracy": 0.5,
    "balanced_accuracy": 0.5,
    "balanced_accuracy_95ci": [
      0.5,
      0.5
    ],
    "f1": 0.0,
    "auc": 0.7211111111111111,
    "fpr": 0.0,
    "fnr": 1.0
  },
  "baseline_random": {
    "n": 60,
    "n_accept": 30,
    "n_reject": 30,
    "confusion": {
      "tp": 18,
      "fp": 15,
      "fn": 12,
      "tn": 15
    },
    "accuracy": 0.55,
    "balanced_accuracy": 0.55,
    "balanced_accuracy_95ci": [
      0.42244418331374856,
      0.68
    ],
    "f1": 0.5714285714285713,
    "auc": 0.4066666666666667,
    "fpr": 0.5,
    "fnr": 0.4
  }
}