{
  "n_papers": 59,
  "n_skipped": 1,
  "mean_predicted_overall": 7.0,
  "automated_reviewer": {
    "n": 59,
    "n_accept": 29,
    "n_reject": 30,
    "confusion": {
      "tp": 28,
      "fp": 25,
      "fn": 1,
      "tn": 5
    },
    "accuracy": 0.559322033898305,
    "balanced_accuracy": 0.5660919540229885,
    "balanced_accuracy_95ci": [
      0.494815668202765,
      0.6451612903225806
    ],
    "f1": 0.6829268292682926,
    "auc": 0.667816091954023,
    "fpr": 0.8333333333333334,
    "fnr": 0.034482758620689655
  },
  "baseline_always_reject": {
    "n": 59,
    "n_accept": 29,
    "n_reject": 30,
    "confusion": {
      "tp": 0,
      "fp": 0,
      "fn": 29,
      "tn": 30
    },
    "accuracy": 0.5084745762711864,
    "balanced_accuracy": 0.5,
    "balanced_accuracy_95ci": [
      0.5,
      0.5
    ],
    "f1": 0.0,
    "auc": 0.667816091954023,
    "fpr": 0.0,
    "fnr": 1.0
  },
  "baseline_random": {
    "n": 59,
    "n_accept": 29,
    "n_reject": 30,
    "confusion": {
      "tp": 14,
      "fp": 19,
      "fn": 15,
      "tn": 11
    },
    "accuracy": 0.423728813559322,
    "balanced_accuracy": 0.4247126436781609,
    "balanced_accuracy_95ci": [
      0.29836829836829837,
      0.5506912442396313
    ],
    "f1": 0.45161290322580644,
    "auc": 0.41724137931034483,
    "fpr": 0.6333333333333333,
    "fnr": 0.5172413793103449
  }
}