{
  "n_papers": 59,
  "n_skipped": 1,
  "mean_predicted_overall": 6.915254237288136,
  "automated_reviewer": {
    "n": 59,
    "n_accept": 30,
    "n_reject": 29,
    "confusion": {
      "tp": 30,
      "fp": 29,
      "fn": 0,
      "tn": 0
    },
    "accuracy": 0.5084745762711864,
    "balanced_accuracy": 0.5,
    "balanced_accuracy_95ci": [
      0.5,
      0.5
    ],
    "f1": 0.6741573033707865,
    "auc": 0.55,
    "fpr": 1.0,
    "fnr": 0.0
  },
  "baseline_always_reject": {
    "n": 59,
    "n_accept": 30,
    "n_reject": 29,
    "confusion": {
      "tp": 0,
      "fp": 0,
      "fn": 30,
      "tn": 29
    },
    "accuracy": 0.4915254237288136,
    "balanced_accuracy": 0.5,
    "balanced_accuracy_95ci": [
      0.5,
      0.5
    ],
    "f1": 0.0,
    "auc": 0.55,
    "fpr": 0.0,
    "fnr": 1.0
  },
  "baseline_random": {
    "n": 59,
    "n_accept": 30,
    "n_reject": 29,
    "confusion": {
      "tp": 19,
      "fp": 14,
      "fn": 11,
      "tn": 15
    },
    "accuracy": 0.576271186440678,
    "balanced_accuracy": 0.575287356321839,
    "balanced_accuracy_95ci": [
      0.443103448275862,
      0.7047619047619047
    ],
    "f1": 0.6031746031746033,
    "auc": 0.5954022988505747,
    "fpr": 0.4827586206896552,
    "fnr": 0.36666666666666664
  }
}